53.95717145394973,-1.0783239204362758,1.0,5.0,0.0,0.1,0.2,0.3,0.4,0.5,0.6,0.7,0.8,0.9,0.10,0.11,0.12,0.13,0.14,0.15,0.16,0.17,0.18,0.19,0.20,0.21,0.22,0.23,0.24,0.25,0.26,0.27,0.28,0.29,0.30,0.31,0.32,0.33,0.34,0.35,0.36,0.37,0.38,0.39,0.40,0.41,0.42,0.43,0.44,0.45,0.46,0.47,0.48,0.49,0.50,0.51,0.52,0.53,0.54,0.55,0.56,0.57,0.58,0.59,0.60,0.61,0.62,0.63,0.64,0.65,0.66,0.67,0.68,0.69,0.70,0.71,0.72,0.73,0.74,0.75,0.76,0.77,0.78,0.79,0.80,0.81,0.82,0.83,0.84,0.85,0.86,0.87,0.88,0.89,0.90,0.91,0.92,0.93,0.94,0.95,0.96,0.97,0.98,0.99,0.100,0.101,0.102,0.103,0.104,0.105,0.106,0.107,0.108,0.109,0.110,0.111,0.112,0.113,0.114,0.115,0.116,0.117,0.118,0.119,0.120,0.121,0.122,0.123,0.124,0.125,0.126,0.127,0.128,0.129,0.130,0.131,0.132,0.133,0.134,0.135,0.136,0.137,0.138,0.139,0.140,0.141,0.142,0.143,0.144,0.145,0.146,0.147,0.148,0.149,0.150,0.151,0.152,0.153,0.154,0.155,0.156,0.157,0.158,0.159,0.160,0.161,0.162,0.163,0.164,0.165,0.166,0.167,0.168,0.169,0.170,0.171,0.172,0.173,0.174,0.175,0.176,0.177,0.178,0.179,0.180,0.99,0.98,0.97,0.96,0.95,0.94,0.93,0.92,0.91,0.90,0.9,0.89,0.88,0.87,0.86,0.85,0.84,0.83,0.82,0.81,0.80,0.8,0.79,0.78,0.77,0.76,0.75,0.74,0.73,0.72,0.71,0.70,0.7,0.69,0.68,0.67,0.66,0.65,0.64,0.63,0.62,0.61,0.60,0.6,0.59,0.58,0.57,0.56,0.55,0.54,0.53,0.52,0.51,0.50,0.5,0.49,0.48,0.47,0.46,0.45,0.44,0.43,0.42,0.41,0.40,0.4,0.39,0.38,0.37,0.36,0.35,0.34,0.33,0.32,0.31,0.30,0.3,0.29,0.28,0.27,0.26,0.25,0.24,0.23,0.22,0.21,0.20,0.2,0.19,0.18,0.178,0.177,0.176,0.175,0.174,0.173,0.172,0.171,0.170,0.17,0.169,0.168,0.167,0.166,0.165,0.164,0.163,0.162,0.161,0.160,0.16,0.159,0.158,0.157,0.156,0.155,0.154,0.153,0.152,0.151,0.150,0.15,0.149,0.148,0.147,0.146,0.145,0.144,0.143,0.142,0.141,0.140,0.14,0.139,0.138,0.137,0.136,0.135,0.134,0.133,0.132,0.131,0.130,0.13,0.129,0.128,0.127,0.126,0.125,0.124,0.123,0.122,0.121,0.120,0.12,0.119,0.118,0.117,0.116,0.115,0.114,0.113,0.112,0.111,0.110,0.11,0.109,0.108,0.107,0.106,0.105,0.104,0.103,0.102,0.101,0.100,0.10,0.1,0.0
53.95725918465687,-1.0784689578071749,1.0,5.0,0.0,0.1,0.2,0.3,0.4,0.5,0.6,0.7,0.8,0.9,0.10,0.11,0.12,0.13,0.14,0.15,0.16,0.17,0.18,0.19,0.20,0.21,0.22,0.23,0.24,0.25,0.26,0.27,0.28,0.29,0.30,0.31,0.32,0.33,0.34,0.35,0.36,0.37,0.38,0.39,0.40,0.41,0.42,0.43,0.44,0.45,0.46,0.47,0.48,0.49,0.50,0.51,0.52,0.53,0.54,0.55,0.56,0.57,0.58,0.59,0.60,0.61,0.62,0.63,0.64,0.65,0.66,0.67,0.68,0.69,0.70,0.71,0.72,0.73,0.74,0.75,0.76,0.77,0.78,0.79,0.80,0.81,0.82,0.83,0.84,0.85,0.86,0.87,0.88,0.89,0.90,0.91,0.92,0.93,0.94,0.95,0.96,0.97,0.98,0.99,0.100,0.101,0.102,0.103,0.104,0.105,0.106,0.107,0.108,0.109,0.110,0.111,0.112,0.113,0.114,0.115,0.116,0.117,0.118,0.119,0.120,0.121,0.122,0.123,0.124,0.125,0.126,0.127,0.128,0.129,0.130,0.131,0.132,0.133,0.134,0.135,0.136,0.137,0.138,0.139,0.140,0.141,0.142,0.143,0.144,0.145,0.146,0.147,0.148,0.149,0.150,0.151,0.152,0.153,0.154,0.155,0.156,0.157,0.158,0.159,0.160,0.161,0.162,0.163,0.164,0.165,0.166,0.167,0.168,0.169,0.170,0.171,0.172,0.173,0.174,0.175,0.176,0.177,0.178,0.179,0.180,0.99,0.98,0.97,0.96,0.95,0.94,0.93,0.92,0.91,0.90,0.9,0.89,0.88,0.87,0.86,0.85,0.84,0.83,0.82,0.81,0.80,0.8,0.79,0.78,0.77,0.76,0.75,0.74,0.73,0.72,0.71,0.70,0.7,0.69,0.68,0.67,0.66,0.65,0.64,0.63,0.62,0.61,0.60,0.6,0.59,0.58,0.57,0.56,0.55,0.54,0.53,0.52,0.51,0.50,0.5,0.49,0.48,0.47,0.46,0.45,0.44,0.43,0.42,0.41,0.40,0.4,0.39,0.38,0.37,0.36,0.35,0.34,0.33,0.32,0.31,0.30,0.3,0.29,0.28,0.27,0.26,0.25,0.24,0.23,0.22,0.21,0.20,0.2,0.19,0.18,0.178,0.177,0.176,0.175,0.174,0.173,0.172,0.171,0.170,0.17,0.169,0.168,0.167,0.166,0.165,0.164,0.163,0.162,0.161,0.160,0.16,0.159,0.158,0.157,0.156,0.155,0.154,0.153,0.152,0.151,0.150,0.15,0.149,0.148,0.147,0.146,0.145,0.144,0.143,0.142,0.141,0.140,0.14,0.139,0.138,0.137,0.136,0.135,0.134,0.133,0.132,0.131,0.130,0.13,0.129,0.128,0.127,0.126,0.125,0.124,0.123,0.122,0.121,0.120,0.12,0.119,0.118,0.117,0.116,0.115,0.114,0.113,0.112,0.111,0.110,0.11,0.109,0.108,0.107,0.106,0.105,0.104,0.103,0.102,0.101,0.100,0.10,0.1,0.0
53.9573716884264,-1.078658947616643,1.0,5.0,0.0,0.1,0.2,0.3,0.4,0.5,0.6,0.7,0.8,0.9,0.10,0.11,0.12,0.13,0.14,0.15,0.16,0.17,0.18,0.19,0.20,0.21,0.22,0.23,0.24,0.25,0.26,0.27,0.28,0.29,0.30,0.31,0.32,0.33,0.34,0.35,0.36,0.37,0.38,0.39,0.40,0.41,0.42,0.43,0.44,0.45,0.46,0.47,0.48,0.49,0.50,0.51,0.52,0.53,0.54,0.55,0.56,0.57,0.58,0.59,0.60,0.61,0.62,0.63,0.64,0.65,0.66,0.67,0.68,0.69,0.70,0.71,0.72,0.73,0.74,0.75,0.76,0.77,0.78,0.79,0.80,0.81,0.82,0.83,0.84,0.85,0.86,0.87,0.88,0.89,0.90,0.91,0.92,0.93,0.94,0.95,0.96,0.97,0.98,0.99,0.100,0.101,0.102,0.103,0.104,0.105,0.106,0.107,0.108,0.109,0.110,0.111,0.112,0.113,0.114,0.115,0.116,0.117,0.118,0.119,0.120,0.121,0.122,0.123,0.124,0.125,0.126,0.127,0.128,0.129,0.130,0.131,0.132,0.133,0.134,0.135,0.136,0.137,0.138,0.139,0.140,0.141,0.142,0.143,0.144,0.145,0.146,0.147,0.148,0.149,0.150,0.151,0.152,0.153,0.154,0.155,0.156,0.157,0.158,0.159,0.160,0.161,0.162,0.163,0.164,0.165,0.166,0.167,0.168,0.169,0.170,0.171,0.172,0.173,0.174,0.175,0.176,0.177,0.178,0.179,0.180,0.99,0.98,0.97,0.96,0.95,0.94,0.93,0.92,0.91,0.90,0.9,0.89,0.88,0.87,0.86,0.85,0.84,0.83,0.82,0.81,0.80,0.8,0.79,0.78,0.77,0.76,0.75,0.74,0.73,0.72,0.71,0.70,0.7,0.69,0.68,0.67,0.66,0.65,0.64,0.63,0.62,0.61,0.60,0.6,0.59,0.58,0.57,0.56,0.55,0.54,0.53,0.52,0.51,0.50,0.5,0.49,0.48,0.47,0.46,0.45,0.44,0.43,0.42,0.41,0.40,0.4,0.39,0.38,0.37,0.36,0.35,0.34,0.33,0.32,0.31,0.30,0.3,0.29,0.28,0.27,0.26,0.25,0.24,0.23,0.22,0.21,0.20,0.2,0.19,0.18,0.178,0.177,0.176,0.175,0.174,0.173,0.172,0.171,0.170,0.17,0.169,0.168,0.167,0.166,0.165,0.164,0.163,0.162,0.161,0.160,0.16,0.159,0.158,0.157,0.156,0.155,0.154,0.153,0.152,0.151,0.150,0.15,0.149,0.148,0.147,0.146,0.145,0.144,0.143,0.142,0.141,0.140,0.14,0.139,0.138,0.137,0.136,0.135,0.134,0.133,0.132,0.131,0.130,0.13,0.129,0.128,0.127,0.126,0.125,0.124,0.123,0.122,0.121,0.120,0.12,0.119,0.118,0.117,0.116,0.115,0.114,0.113,0.112,0.111,0.110,0.11,0.109,0.108,0.107,0.106,0.105,0.104,0.103,0.102,0.101,0.100,0.10,0.1,0.0
53.957388824762155,-1.078682603210567,1.0,5.0,0.0,0.1,0.2,0.3,0.4,0.5,0.6,0.7,0.8,0.9,0.10,0.11,0.12,0.13,0.14,0.15,0.16,0.17,0.18,0.19,0.20,0.21,0.22,0.23,0.24,0.25,0.26,0.27,0.28,0.29,0.30,0.31,0.32,0.33,0.34,0.35,0.36,0.37,0.38,0.39,0.40,0.41,0.42,0.43,0.44,0.45,0.46,0.47,0.48,0.49,0.50,0.51,0.52,0.53,0.54,0.55,0.56,0.57,0.58,0.59,0.60,0.61,0.62,0.63,0.64,0.65,0.66,0.67,0.68,0.69,0.70,0.71,0.72,0.73,0.74,0.75,0.76,0.77,0.78,0.79,0.80,0.81,0.82,0.83,0.84,0.85,0.86,0.87,0.88,0.89,0.90,0.91,0.92,0.93,0.94,0.95,0.96,0.97,0.98,0.99,0.100,0.101,0.102,0.103,0.104,0.105,0.106,0.107,0.108,0.109,0.110,0.111,0.112,0.113,0.114,0.115,0.116,0.117,0.118,0.119,0.120,0.121,0.122,0.123,0.124,0.125,0.126,0.127,0.128,0.129,0.130,0.131,0.132,0.133,0.134,0.135,0.136,0.137,0.138,0.139,0.140,0.141,0.142,0.143,0.144,0.145,0.146,0.147,0.148,0.149,0.150,0.151,0.152,0.153,0.154,0.155,0.156,0.157,0.158,0.159,0.160,0.161,0.162,0.163,0.164,0.165,0.166,0.167,0.168,0.169,0.170,0.171,0.172,0.173,0.174,0.175,0.176,0.177,0.178,0.179,0.180,0.99,0.98,0.97,0.96,0.95,0.94,0.93,0.92,0.91,0.90,0.9,0.89,0.88,0.87,0.86,0.85,0.84,0.83,0.82,0.81,0.80,0.8,0.79,0.78,0.77,0.76,0.75,0.74,0.73,0.72,0.71,0.70,0.7,0.69,0.68,0.67,0.66,0.65,0.64,0.63,0.62,0.61,0.60,0.6,0.59,0.58,0.57,0.56,0.55,0.54,0.53,0.52,0.51,0.50,0.5,0.49,0.48,0.47,0.46,0.45,0.44,0.43,0.42,0.41,0.40,0.4,0.39,0.38,0.37,0.36,0.35,0.34,0.33,0.32,0.31,0.30,0.3,0.29,0.28,0.27,0.26,0.25,0.24,0.23,0.22,0.21,0.20,0.2,0.19,0.18,0.178,0.177,0.176,0.175,0.174,0.173,0.172,0.171,0.170,0.17,0.169,0.168,0.167,0.166,0.165,0.164,0.163,0.162,0.161,0.160,0.16,0.159,0.158,0.157,0.156,0.155,0.154,0.153,0.152,0.151,0.150,0.15,0.149,0.148,0.147,0.146,0.145,0.144,0.143,0.142,0.141,0.140,0.14,0.139,0.138,0.137,0.136,0.135,0.134,0.133,0.132,0.131,0.130,0.13,0.129,0.128,0.127,0.126,0.125,0.124,0.123,0.122,0.121,0.120,0.12,0.119,0.118,0.117,0.116,0.115,0.114,0.113,0.112,0.111,0.110,0.11,0.109,0.108,0.107,0.106,0.105,0.104,0.103,0.102,0.101,0.100,0.10,0.1,0.0
53.95727725231522,-1.078708680243239,1.0,5.0,0.0,0.1,0.2,0.3,0.4,0.5,0.6,0.7,0.8,0.9,0.10,0.11,0.12,0.13,0.14,0.15,0.16,0.17,0.18,0.19,0.20,0.21,0.22,0.23,0.24,0.25,0.26,0.27,0.28,0.29,0.30,0.31,0.32,0.33,0.34,0.35,0.36,0.37,0.38,0.39,0.40,0.41,0.42,0.43,0.44,0.45,0.46,0.47,0.48,0.49,0.50,0.51,0.52,0.53,0.54,0.55,0.56,0.57,0.58,0.59,0.60,0.61,0.62,0.63,0.64,0.65,0.66,0.67,0.68,0.69,0.70,0.71,0.72,0.73,0.74,0.75,0.76,0.77,0.78,0.79,0.80,0.81,0.82,0.83,0.84,0.85,0.86,0.87,0.88,0.89,0.90,0.91,0.92,0.93,0.94,0.95,0.96,0.97,0.98,0.99,0.100,0.101,0.102,0.103,0.104,0.105,0.106,0.107,0.108,0.109,0.110,0.111,0.112,0.113,0.114,0.115,0.116,0.117,0.118,0.119,0.120,0.121,0.122,0.123,0.124,0.125,0.126,0.127,0.128,0.129,0.130,0.131,0.132,0.133,0.134,0.135,0.136,0.137,0.138,0.139,0.140,0.141,0.142,0.143,0.144,0.145,0.146,0.147,0.148,0.149,0.150,0.151,0.152,0.153,0.154,0.155,0.156,0.157,0.158,0.159,0.160,0.161,0.162,0.163,0.164,0.165,0.166,0.167,0.168,0.169,0.170,0.171,0.172,0.173,0.174,0.175,0.176,0.177,0.178,0.179,0.180,0.99,0.98,0.97,0.96,0.95,0.94,0.93,0.92,0.91,0.90,0.9,0.89,0.88,0.87,0.86,0.85,0.84,0.83,0.82,0.81,0.80,0.8,0.79,0.78,0.77,0.76,0.75,0.74,0.73,0.72,0.71,0.70,0.7,0.69,0.68,0.67,0.66,0.65,0.64,0.63,0.62,0.61,0.60,0.6,0.59,0.58,0.57,0.56,0.55,0.54,0.53,0.52,0.51,0.50,0.5,0.49,0.48,0.47,0.46,0.45,0.44,0.43,0.42,0.41,0.40,0.4,0.39,0.38,0.37,0.36,0.35,0.34,0.33,0.32,0.31,0.30,0.3,0.29,0.28,0.27,0.26,0.25,0.24,0.23,0.22,0.21,0.20,0.2,0.19,0.18,0.178,0.177,0.176,0.175,0.174,0.173,0.172,0.171,0.170,0.17,0.169,0.168,0.167,0.166,0.165,0.164,0.163,0.162,0.161,0.160,0.16,0.159,0.158,0.157,0.156,0.155,0.154,0.153,0.152,0.151,0.150,0.15,0.149,0.148,0.147,0.146,0.145,0.144,0.143,0.142,0.141,0.140,0.14,0.139,0.138,0.137,0.136,0.135,0.134,0.133,0.132,0.131,0.130,0.13,0.129,0.128,0.127,0.126,0.125,0.124,0.123,0.122,0.121,0.120,0.12,0.119,0.118,0.117,0.116,0.115,0.114,0.113,0.112,0.111,0.110,0.11,0.109,0.108,0.107,0.106,0.105,0.104,0.103,0.102,0.101,0.100,0.10,0.1,0.0
53.957098438376896,-1.0790372508549075,1.0,5.0,0.0,0.1,0.2,0.3,0.4,0.5,0.6,0.7,0.8,0.9,0.10,0.11,0.12,0.13,0.14,0.15,0.16,0.17,0.18,0.19,0.20,0.21,0.22,0.23,0.24,0.25,0.26,0.27,0.28,0.29,0.30,0.31,0.32,0.33,0.34,0.35,0.36,0.37,0.38,0.39,0.40,0.41,0.42,0.43,0.44,0.45,0.46,0.47,0.48,0.49,0.50,0.51,0.52,0.53,0.54,0.55,0.56,0.57,0.58,0.59,0.60,0.61,0.62,0.63,0.64,0.65,0.66,0.67,0.68,0.69,0.70,0.71,0.72,0.73,0.74,0.75,0.76,0.77,0.78,0.79,0.80,0.81,0.82,0.83,0.84,0.85,0.86,0.87,0.88,0.89,0.90,0.91,0.92,0.93,0.94,0.95,0.96,0.97,0.98,0.99,0.100,0.101,0.102,0.103,0.104,0.105,0.106,0.107,0.108,0.109,0.110,0.111,0.112,0.113,0.114,0.115,0.116,0.117,0.118,0.119,0.120,0.121,0.122,0.123,0.124,0.125,0.126,0.127,0.128,0.129,0.130,0.131,0.132,0.133,0.134,0.135,0.136,0.137,0.138,0.139,0.140,0.141,0.142,0.143,0.144,0.145,0.146,0.147,0.148,0.149,0.150,0.151,0.152,0.153,0.154,0.155,0.156,0.157,0.158,0.159,0.160,0.161,0.162,0.163,0.164,0.165,0.166,0.167,0.168,0.169,0.170,0.171,0.172,0.173,0.174,0.175,0.176,0.177,0.178,0.179,0.180,0.99,0.98,0.97,0.96,0.95,0.94,0.93,0.92,0.91,0.90,0.9,0.89,0.88,0.87,0.86,0.85,0.84,0.83,0.82,0.81,0.80,0.8,0.79,0.78,0.77,0.76,0.75,0.74,0.73,0.72,0.71,0.70,0.7,0.69,0.68,0.67,0.66,0.65,0.64,0.63,0.62,0.61,0.60,0.6,0.59,0.58,0.57,0.56,0.55,0.54,0.53,0.52,0.51,0.50,0.5,0.49,0.48,0.47,0.46,0.45,0.44,0.43,0.42,0.41,0.40,0.4,0.39,0.38,0.37,0.36,0.35,0.34,0.33,0.32,0.31,0.30,0.3,0.29,0.28,0.27,0.26,0.25,0.24,0.23,0.22,0.21,0.20,0.2,0.19,0.18,0.178,0.177,0.176,0.175,0.174,0.173,0.172,0.171,0.170,0.17,0.169,0.168,0.167,0.166,0.165,0.164,0.163,0.162,0.161,0.160,0.16,0.159,0.158,0.157,0.156,0.155,0.154,0.153,0.152,0.151,0.150,0.15,0.149,0.148,0.147,0.146,0.145,0.144,0.143,0.142,0.141,0.140,0.14,0.139,0.138,0.137,0.136,0.135,0.134,0.133,0.132,0.131,0.130,0.13,0.129,0.128,0.127,0.126,0.125,0.124,0.123,0.122,0.121,0.120,0.12,0.119,0.118,0.117,0.116,0.115,0.114,0.113,0.112,0.111,0.110,0.11,0.109,0.108,0.107,0.106,0.105,0.104,0.103,0.102,0.101,0.100,0.10,0.1,0.0
53.956931545367794,-1.079042093732404,1.0,5.0,0.0,0.1,0.2,0.3,0.4,0.5,0.6,0.7,0.8,0.9,0.10,0.11,0.12,0.13,0.14,0.15,0.16,0.17,0.18,0.19,0.20,0.21,0.22,0.23,0.24,0.25,0.26,0.27,0.28,0.29,0.30,0.31,0.32,0.33,0.34,0.35,0.36,0.37,0.38,0.39,0.40,0.41,0.42,0.43,0.44,0.45,0.46,0.47,0.48,0.49,0.50,0.51,0.52,0.53,0.54,0.55,0.56,0.57,0.58,0.59,0.60,0.61,0.62,0.63,0.64,0.65,0.66,0.67,0.68,0.69,0.70,0.71,0.72,0.73,0.74,0.75,0.76,0.77,0.78,0.79,0.80,0.81,0.82,0.83,0.84,0.85,0.86,0.87,0.88,0.89,0.90,0.91,0.92,0.93,0.94,0.95,0.96,0.97,0.98,0.99,0.100,0.101,0.102,0.103,0.104,0.105,0.106,0.107,0.108,0.109,0.110,0.111,0.112,0.113,0.114,0.115,0.116,0.117,0.118,0.119,0.120,0.121,0.122,0.123,0.124,0.125,0.126,0.127,0.128,0.129,0.130,0.131,0.132,0.133,0.134,0.135,0.136,0.137,0.138,0.139,0.140,0.141,0.142,0.143,0.144,0.145,0.146,0.147,0.148,0.149,0.150,0.151,0.152,0.153,0.154,0.155,0.156,0.157,0.158,0.159,0.160,0.161,0.162,0.163,0.164,0.165,0.166,0.167,0.168,0.169,0.170,0.171,0.172,0.173,0.174,0.175,0.176,0.177,0.178,0.179,0.180,0.99,0.98,0.97,0.96,0.95,0.94,0.93,0.92,0.91,0.90,0.9,0.89,0.88,0.87,0.86,0.85,0.84,0.83,0.82,0.81,0.80,0.8,0.79,0.78,0.77,0.76,0.75,0.74,0.73,0.72,0.71,0.70,0.7,0.69,0.68,0.67,0.66,0.65,0.64,0.63,0.62,0.61,0.60,0.6,0.59,0.58,0.57,0.56,0.55,0.54,0.53,0.52,0.51,0.50,0.5,0.49,0.48,0.47,0.46,0.45,0.44,0.43,0.42,0.41,0.40,0.4,0.39,0.38,0.37,0.36,0.35,0.34,0.33,0.32,0.31,0.30,0.3,0.29,0.28,0.27,0.26,0.25,0.24,0.23,0.22,0.21,0.20,0.2,0.19,0.18,0.178,0.177,0.176,0.175,0.174,0.173,0.172,0.171,0.170,0.17,0.169,0.168,0.167,0.166,0.165,0.164,0.163,0.162,0.161,0.160,0.16,0.159,0.158,0.157,0.156,0.155,0.154,0.153,0.152,0.151,0.150,0.15,0.149,0.148,0.147,0.146,0.145,0.144,0.143,0.142,0.141,0.140,0.14,0.139,0.138,0.137,0.136,0.135,0.134,0.133,0.132,0.131,0.130,0.13,0.129,0.128,0.127,0.126,0.125,0.124,0.123,0.122,0.121,0.120,0.12,0.119,0.118,0.117,0.116,0.115,0.114,0.113,0.112,0.111,0.110,0.11,0.109,0.108,0.107,0.106,0.105,0.104,0.103,0.102,0.101,0.100,0.10,0.1,0.0
53.95678365133964,-1.0790562498358545,1.0,5.0,0.0,0.1,0.2,0.3,0.4,0.5,0.6,0.7,0.8,0.9,0.10,0.11,0.12,0.13,0.14,0.15,0.16,0.17,0.18,0.19,0.20,0.21,0.22,0.23,0.24,0.25,0.26,0.27,0.28,0.29,0.30,0.31,0.32,0.33,0.34,0.35,0.36,0.37,0.38,0.39,0.40,0.41,0.42,0.43,0.44,0.45,0.46,0.47,0.48,0.49,0.50,0.51,0.52,0.53,0.54,0.55,0.56,0.57,0.58,0.59,0.60,0.61,0.62,0.63,0.64,0.65,0.66,0.67,0.68,0.69,0.70,0.71,0.72,0.73,0.74,0.75,0.76,0.77,0.78,0.79,0.80,0.81,0.82,0.83,0.84,0.85,0.86,0.87,0.88,0.89,0.90,0.91,0.92,0.93,0.94,0.95,0.96,0.97,0.98,0.99,0.100,0.101,0.102,0.103,0.104,0.105,0.106,0.107,0.108,0.109,0.110,0.111,0.112,0.113,0.114,0.115,0.116,0.117,0.118,0.119,0.120,0.121,0.122,0.123,0.124,0.125,0.126,0.127,0.128,0.129,0.130,0.131,0.132,0.133,0.134,0.135,0.136,0.137,0.138,0.139,0.140,0.141,0.142,0.143,0.144,0.145,0.146,0.147,0.148,0.149,0.150,0.151,0.152,0.153,0.154,0.155,0.156,0.157,0.158,0.159,0.160,0.161,0.162,0.163,0.164,0.165,0.166,0.167,0.168,0.169,0.170,0.171,0.172,0.173,0.174,0.175,0.176,0.177,0.178,0.179,0.180,0.99,0.98,0.97,0.96,0.95,0.94,0.93,0.92,0.91,0.90,0.9,0.89,0.88,0.87,0.86,0.85,0.84,0.83,0.82,0.81,0.80,0.8,0.79,0.78,0.77,0.76,0.75,0.74,0.73,0.72,0.71,0.70,0.7,0.69,0.68,0.67,0.66,0.65,0.64,0.63,0.62,0.61,0.60,0.6,0.59,0.58,0.57,0.56,0.55,0.54,0.53,0.52,0.51,0.50,0.5,0.49,0.48,0.47,0.46,0.45,0.44,0.43,0.42,0.41,0.40,0.4,0.39,0.38,0.37,0.36,0.35,0.34,0.33,0.32,0.31,0.30,0.3,0.29,0.28,0.27,0.26,0.25,0.24,0.23,0.22,0.21,0.20,0.2,0.19,0.18,0.178,0.177,0.176,0.175,0.174,0.173,0.172,0.171,0.170,0.17,0.169,0.168,0.167,0.166,0.165,0.164,0.163,0.162,0.161,0.160,0.16,0.159,0.158,0.157,0.156,0.155,0.154,0.153,0.152,0.151,0.150,0.15,0.149,0.148,0.147,0.146,0.145,0.144,0.143,0.142,0.141,0.140,0.14,0.139,0.138,0.137,0.136,0.135,0.134,0.133,0.132,0.131,0.130,0.13,0.129,0.128,0.127,0.126,0.125,0.124,0.123,0.122,0.121,0.120,0.12,0.119,0.118,0.117,0.116,0.115,0.114,0.113,0.112,0.111,0.110,0.11,0.109,0.108,0.107,0.106,0.105,0.104,0.103,0.102,0.101,0.100,0.10,0.1,0.0
53.95667561791857,-1.0790605339197934,1.0,5.0,0.0,0.1,0.2,0.3,0.4,0.5,0.6,0.7,0.8,0.9,0.10,0.11,0.12,0.13,0.14,0.15,0.16,0.17,0.18,0.19,0.20,0.21,0.22,0.23,0.24,0.25,0.26,0.27,0.28,0.29,0.30,0.31,0.32,0.33,0.34,0.35,0.36,0.37,0.38,0.39,0.40,0.41,0.42,0.43,0.44,0.45,0.46,0.47,0.48,0.49,0.50,0.51,0.52,0.53,0.54,0.55,0.56,0.57,0.58,0.59,0.60,0.61,0.62,0.63,0.64,0.65,0.66,0.67,0.68,0.69,0.70,0.71,0.72,0.73,0.74,0.75,0.76,0.77,0.78,0.79,0.80,0.81,0.82,0.83,0.84,0.85,0.86,0.87,0.88,0.89,0.90,0.91,0.92,0.93,0.94,0.95,0.96,0.97,0.98,0.99,0.100,0.101,0.102,0.103,0.104,0.105,0.106,0.107,0.108,0.109,0.110,0.111,0.112,0.113,0.114,0.115,0.116,0.117,0.118,0.119,0.120,0.121,0.122,0.123,0.124,0.125,0.126,0.127,0.128,0.129,0.130,0.131,0.132,0.133,0.134,0.135,0.136,0.137,0.138,0.139,0.140,0.141,0.142,0.143,0.144,0.145,0.146,0.147,0.148,0.149,0.150,0.151,0.152,0.153,0.154,0.155,0.156,0.157,0.158,0.159,0.160,0.161,0.162,0.163,0.164,0.165,0.166,0.167,0.168,0.169,0.170,0.171,0.172,0.173,0.174,0.175,0.176,0.177,0.178,0.179,0.180,0.99,0.98,0.97,0.96,0.95,0.94,0.93,0.92,0.91,0.90,0.9,0.89,0.88,0.87,0.86,0.85,0.84,0.83,0.82,0.81,0.80,0.8,0.79,0.78,0.77,0.76,0.75,0.74,0.73,0.72,0.71,0.70,0.7,0.69,0.68,0.67,0.66,0.65,0.64,0.63,0.62,0.61,0.60,0.6,0.59,0.58,0.57,0.56,0.55,0.54,0.53,0.52,0.51,0.50,0.5,0.49,0.48,0.47,0.46,0.45,0.44,0.43,0.42,0.41,0.40,0.4,0.39,0.38,0.37,0.36,0.35,0.34,0.33,0.32,0.31,0.30,0.3,0.29,0.28,0.27,0.26,0.25,0.24,0.23,0.22,0.21,0.20,0.2,0.19,0.18,0.178,0.177,0.176,0.175,0.174,0.173,0.172,0.171,0.170,0.17,0.169,0.168,0.167,0.166,0.165,0.164,0.163,0.162,0.161,0.160,0.16,0.159,0.158,0.157,0.156,0.155,0.154,0.153,0.152,0.151,0.150,0.15,0.149,0.148,0.147,0.146,0.145,0.144,0.143,0.142,0.141,0.140,0.14,0.139,0.138,0.137,0.136,0.135,0.134,0.133,0.132,0.131,0.130,0.13,0.129,0.128,0.127,0.126,0.125,0.124,0.123,0.122,0.121,0.120,0.12,0.119,0.118,0.117,0.116,0.115,0.114,0.113,0.112,0.111,0.110,0.11,0.109,0.108,0.107,0.106,0.105,0.104,0.103,0.102,0.101,0.100,0.10,0.1,0.0
53.95643421910184,-1.0787975284188434,1.0,5.0,0.0,0.1,0.2,0.3,0.4,0.5,0.6,0.7,0.8,0.9,0.10,0.11,0.12,0.13,0.14,0.15,0.16,0.17,0.18,0.19,0.20,0.21,0.22,0.23,0.24,0.25,0.26,0.27,0.28,0.29,0.30,0.31,0.32,0.33,0.34,0.35,0.36,0.37,0.38,0.39,0.40,0.41,0.42,0.43,0.44,0.45,0.46,0.47,0.48,0.49,0.50,0.51,0.52,0.53,0.54,0.55,0.56,0.57,0.58,0.59,0.60,0.61,0.62,0.63,0.64,0.65,0.66,0.67,0.68,0.69,0.70,0.71,0.72,0.73,0.74,0.75,0.76,0.77,0.78,0.79,0.80,0.81,0.82,0.83,0.84,0.85,0.86,0.87,0.88,0.89,0.90,0.91,0.92,0.93,0.94,0.95,0.96,0.97,0.98,0.99,0.100,0.101,0.102,0.103,0.104,0.105,0.106,0.107,0.108,0.109,0.110,0.111,0.112,0.113,0.114,0.115,0.116,0.117,0.118,0.119,0.120,0.121,0.122,0.123,0.124,0.125,0.126,0.127,0.128,0.129,0.130,0.131,0.132,0.133,0.134,0.135,0.136,0.137,0.138,0.139,0.140,0.141,0.142,0.143,0.144,0.145,0.146,0.147,0.148,0.149,0.150,0.151,0.152,0.153,0.154,0.155,0.156,0.157,0.158,0.159,0.160,0.161,0.162,0.163,0.164,0.165,0.166,0.167,0.168,0.169,0.170,0.171,0.172,0.173,0.174,0.175,0.176,0.177,0.178,0.179,0.180,0.99,0.98,0.97,0.96,0.95,0.94,0.93,0.92,0.91,0.90,0.9,0.89,0.88,0.87,0.86,0.85,0.84,0.83,0.82,0.81,0.80,0.8,0.79,0.78,0.77,0.76,0.75,0.74,0.73,0.72,0.71,0.70,0.7,0.69,0.68,0.67,0.66,0.65,0.64,0.63,0.62,0.61,0.60,0.6,0.59,0.58,0.57,0.56,0.55,0.54,0.53,0.52,0.51,0.50,0.5,0.49,0.48,0.47,0.46,0.45,0.44,0.43,0.42,0.41,0.40,0.4,0.39,0.38,0.37,0.36,0.35,0.34,0.33,0.32,0.31,0.30,0.3,0.29,0.28,0.27,0.26,0.25,0.24,0.23,0.22,0.21,0.20,0.2,0.19,0.18,0.178,0.177,0.176,0.175,0.174,0.173,0.172,0.171,0.170,0.17,0.169,0.168,0.167,0.166,0.165,0.164,0.163,0.162,0.161,0.160,0.16,0.159,0.158,0.157,0.156,0.155,0.154,0.153,0.152,0.151,0.150,0.15,0.149,0.148,0.147,0.146,0.145,0.144,0.143,0.142,0.141,0.140,0.14,0.139,0.138,0.137,0.136,0.135,0.134,0.133,0.132,0.131,0.130,0.13,0.129,0.128,0.127,0.126,0.125,0.124,0.123,0.122,0.121,0.120,0.12,0.119,0.118,0.117,0.116,0.115,0.114,0.113,0.112,0.111,0.110,0.11,0.109,0.108,0.107,0.106,0.105,0.104,0.103,0.102,0.101,0.100,0.10,0.1,0.0
53.95640721074657,-1.0788684952006153,1.0,5.0,0.0,0.1,0.2,0.3,0.4,0.5,0.6,0.7,0.8,0.9,0.10,0.11,0.12,0.13,0.14,0.15,0.16,0.17,0.18,0.19,0.20,0.21,0.22,0.23,0.24,0.25,0.26,0.27,0.28,0.29,0.30,0.31,0.32,0.33,0.34,0.35,0.36,0.37,0.38,0.39,0.40,0.41,0.42,0.43,0.44,0.45,0.46,0.47,0.48,0.49,0.50,0.51,0.52,0.53,0.54,0.55,0.56,0.57,0.58,0.59,0.60,0.61,0.62,0.63,0.64,0.65,0.66,0.67,0.68,0.69,0.70,0.71,0.72,0.73,0.74,0.75,0.76,0.77,0.78,0.79,0.80,0.81,0.82,0.83,0.84,0.85,0.86,0.87,0.88,0.89,0.90,0.91,0.92,0.93,0.94,0.95,0.96,0.97,0.98,0.99,0.100,0.101,0.102,0.103,0.104,0.105,0.106,0.107,0.108,0.109,0.110,0.111,0.112,0.113,0.114,0.115,0.116,0.117,0.118,0.119,0.120,0.121,0.122,0.123,0.124,0.125,0.126,0.127,0.128,0.129,0.130,0.131,0.132,0.133,0.134,0.135,0.136,0.137,0.138,0.139,0.140,0.141,0.142,0.143,0.144,0.145,0.146,0.147,0.148,0.149,0.150,0.151,0.152,0.153,0.154,0.155,0.156,0.157,0.158,0.159,0.160,0.161,0.162,0.163,0.164,0.165,0.166,0.167,0.168,0.169,0.170,0.171,0.172,0.173,0.174,0.175,0.176,0.177,0.178,0.179,0.180,0.99,0.98,0.97,0.96,0.95,0.94,0.93,0.92,0.91,0.90,0.9,0.89,0.88,0.87,0.86,0.85,0.84,0.83,0.82,0.81,0.80,0.8,0.79,0.78,0.77,0.76,0.75,0.74,0.73,0.72,0.71,0.70,0.7,0.69,0.68,0.67,0.66,0.65,0.64,0.63,0.62,0.61,0.60,0.6,0.59,0.58,0.57,0.56,0.55,0.54,0.53,0.52,0.51,0.50,0.5,0.49,0.48,0.47,0.46,0.45,0.44,0.43,0.42,0.41,0.40,0.4,0.39,0.38,0.37,0.36,0.35,0.34,0.33,0.32,0.31,0.30,0.3,0.29,0.28,0.27,0.26,0.25,0.24,0.23,0.22,0.21,0.20,0.2,0.19,0.18,0.178,0.177,0.176,0.175,0.174,0.173,0.172,0.171,0.170,0.17,0.169,0.168,0.167,0.166,0.165,0.164,0.163,0.162,0.161,0.160,0.16,0.159,0.158,0.157,0.156,0.155,0.154,0.153,0.152,0.151,0.150,0.15,0.149,0.148,0.147,0.146,0.145,0.144,0.143,0.142,0.141,0.140,0.14,0.139,0.138,0.137,0.136,0.135,0.134,0.133,0.132,0.131,0.130,0.13,0.129,0.128,0.127,0.126,0.125,0.124,0.123,0.122,0.121,0.120,0.12,0.119,0.118,0.117,0.116,0.115,0.114,0.113,0.112,0.111,0.110,0.11,0.109,0.108,0.107,0.106,0.105,0.104,0.103,0.102,0.101,0.100,0.10,0.1,0.0
53.95640106401744,-1.0788925233235773,1.0,5.0,0.0,0.1,0.2,0.3,0.4,0.5,0.6,0.7,0.8,0.9,0.10,0.11,0.12,0.13,0.14,0.15,0.16,0.17,0.18,0.19,0.20,0.21,0.22,0.23,0.24,0.25,0.26,0.27,0.28,0.29,0.30,0.31,0.32,0.33,0.34,0.35,0.36,0.37,0.38,0.39,0.40,0.41,0.42,0.43,0.44,0.45,0.46,0.47,0.48,0.49,0.50,0.51,0.52,0.53,0.54,0.55,0.56,0.57,0.58,0.59,0.60,0.61,0.62,0.63,0.64,0.65,0.66,0.67,0.68,0.69,0.70,0.71,0.72,0.73,0.74,0.75,0.76,0.77,0.78,0.79,0.80,0.81,0.82,0.83,0.84,0.85,0.86,0.87,0.88,0.89,0.90,0.91,0.92,0.93,0.94,0.95,0.96,0.97,0.98,0.99,0.100,0.101,0.102,0.103,0.104,0.105,0.106,0.107,0.108,0.109,0.110,0.111,0.112,0.113,0.114,0.115,0.116,0.117,0.118,0.119,0.120,0.121,0.122,0.123,0.124,0.125,0.126,0.127,0.128,0.129,0.130,0.131,0.132,0.133,0.134,0.135,0.136,0.137,0.138,0.139,0.140,0.141,0.142,0.143,0.144,0.145,0.146,0.147,0.148,0.149,0.150,0.151,0.152,0.153,0.154,0.155,0.156,0.157,0.158,0.159,0.160,0.161,0.162,0.163,0.164,0.165,0.166,0.167,0.168,0.169,0.170,0.171,0.172,0.173,0.174,0.175,0.176,0.177,0.178,0.179,0.180,0.99,0.98,0.97,0.96,0.95,0.94,0.93,0.92,0.91,0.90,0.9,0.89,0.88,0.87,0.86,0.85,0.84,0.83,0.82,0.81,0.80,0.8,0.79,0.78,0.77,0.76,0.75,0.74,0.73,0.72,0.71,0.70,0.7,0.69,0.68,0.67,0.66,0.65,0.64,0.63,0.62,0.61,0.60,0.6,0.59,0.58,0.57,0.56,0.55,0.54,0.53,0.52,0.51,0.50,0.5,0.49,0.48,0.47,0.46,0.45,0.44,0.43,0.42,0.41,0.40,0.4,0.39,0.38,0.37,0.36,0.35,0.34,0.33,0.32,0.31,0.30,0.3,0.29,0.28,0.27,0.26,0.25,0.24,0.23,0.22,0.21,0.20,0.2,0.19,0.18,0.178,0.177,0.176,0.175,0.174,0.173,0.172,0.171,0.170,0.17,0.169,0.168,0.167,0.166,0.165,0.164,0.163,0.162,0.161,0.160,0.16,0.159,0.158,0.157,0.156,0.155,0.154,0.153,0.152,0.151,0.150,0.15,0.149,0.148,0.147,0.146,0.145,0.144,0.143,0.142,0.141,0.140,0.14,0.139,0.138,0.137,0.136,0.135,0.134,0.133,0.132,0.131,0.130,0.13,0.129,0.128,0.127,0.126,0.125,0.124,0.123,0.122,0.121,0.120,0.12,0.119,0.118,0.117,0.116,0.115,0.114,0.113,0.112,0.111,0.110,0.11,0.109,0.108,0.107,0.106,0.105,0.104,0.103,0.102,0.101,0.100,0.10,0.1,0.0
53.95637945733323,-1.0788774358975315,1.0,5.0,0.0,0.1,0.2,0.3,0.4,0.5,0.6,0.7,0.8,0.9,0.10,0.11,0.12,0.13,0.14,0.15,0.16,0.17,0.18,0.19,0.20,0.21,0.22,0.23,0.24,0.25,0.26,0.27,0.28,0.29,0.30,0.31,0.32,0.33,0.34,0.35,0.36,0.37,0.38,0.39,0.40,0.41,0.42,0.43,0.44,0.45,0.46,0.47,0.48,0.49,0.50,0.51,0.52,0.53,0.54,0.55,0.56,0.57,0.58,0.59,0.60,0.61,0.62,0.63,0.64,0.65,0.66,0.67,0.68,0.69,0.70,0.71,0.72,0.73,0.74,0.75,0.76,0.77,0.78,0.79,0.80,0.81,0.82,0.83,0.84,0.85,0.86,0.87,0.88,0.89,0.90,0.91,0.92,0.93,0.94,0.95,0.96,0.97,0.98,0.99,0.100,0.101,0.102,0.103,0.104,0.105,0.106,0.107,0.108,0.109,0.110,0.111,0.112,0.113,0.114,0.115,0.116,0.117,0.118,0.119,0.120,0.121,0.122,0.123,0.124,0.125,0.126,0.127,0.128,0.129,0.130,0.131,0.132,0.133,0.134,0.135,0.136,0.137,0.138,0.139,0.140,0.141,0.142,0.143,0.144,0.145,0.146,0.147,0.148,0.149,0.150,0.151,0.152,0.153,0.154,0.155,0.156,0.157,0.158,0.159,0.160,0.161,0.162,0.163,0.164,0.165,0.166,0.167,0.168,0.169,0.170,0.171,0.172,0.173,0.174,0.175,0.176,0.177,0.178,0.179,0.180,0.99,0.98,0.97,0.96,0.95,0.94,0.93,0.92,0.91,0.90,0.9,0.89,0.88,0.87,0.86,0.85,0.84,0.83,0.82,0.81,0.80,0.8,0.79,0.78,0.77,0.76,0.75,0.74,0.73,0.72,0.71,0.70,0.7,0.69,0.68,0.67,0.66,0.65,0.64,0.63,0.62,0.61,0.60,0.6,0.59,0.58,0.57,0.56,0.55,0.54,0.53,0.52,0.51,0.50,0.5,0.49,0.48,0.47,0.46,0.45,0.44,0.43,0.42,0.41,0.40,0.4,0.39,0.38,0.37,0.36,0.35,0.34,0.33,0.32,0.31,0.30,0.3,0.29,0.28,0.27,0.26,0.25,0.24,0.23,0.22,0.21,0.20,0.2,0.19,0.18,0.178,0.177,0.176,0.175,0.174,0.173,0.172,0.171,0.170,0.17,0.169,0.168,0.167,0.166,0.165,0.164,0.163,0.162,0.161,0.160,0.16,0.159,0.158,0.157,0.156,0.155,0.154,0.153,0.152,0.151,0.150,0.15,0.149,0.148,0.147,0.146,0.145,0.144,0.143,0.142,0.141,0.140,0.14,0.139,0.138,0.137,0.136,0.135,0.134,0.133,0.132,0.131,0.130,0.13,0.129,0.128,0.127,0.126,0.125,0.124,0.123,0.122,0.121,0.120,0.12,0.119,0.118,0.117,0.116,0.115,0.114,0.113,0.112,0.111,0.110,0.11,0.109,0.108,0.107,0.106,0.105,0.104,0.103,0.102,0.101,0.100,0.10,0.1,0.0
53.956117755683906,-1.0786053034351462,1.0,5.0,0.0,0.1,0.2,0.3,0.4,0.5,0.6,0.7,0.8,0.9,0.10,0.11,0.12,0.13,0.14,0.15,0.16,0.17,0.18,0.19,0.20,0.21,0.22,0.23,0.24,0.25,0.26,0.27,0.28,0.29,0.30,0.31,0.32,0.33,0.34,0.35,0.36,0.37,0.38,0.39,0.40,0.41,0.42,0.43,0.44,0.45,0.46,0.47,0.48,0.49,0.50,0.51,0.52,0.53,0.54,0.55,0.56,0.57,0.58,0.59,0.60,0.61,0.62,0.63,0.64,0.65,0.66,0.67,0.68,0.69,0.70,0.71,0.72,0.73,0.74,0.75,0.76,0.77,0.78,0.79,0.80,0.81,0.82,0.83,0.84,0.85,0.86,0.87,0.88,0.89,0.90,0.91,0.92,0.93,0.94,0.95,0.96,0.97,0.98,0.99,0.100,0.101,0.102,0.103,0.104,0.105,0.106,0.107,0.108,0.109,0.110,0.111,0.112,0.113,0.114,0.115,0.116,0.117,0.118,0.119,0.120,0.121,0.122,0.123,0.124,0.125,0.126,0.127,0.128,0.129,0.130,0.131,0.132,0.133,0.134,0.135,0.136,0.137,0.138,0.139,0.140,0.141,0.142,0.143,0.144,0.145,0.146,0.147,0.148,0.149,0.150,0.151,0.152,0.153,0.154,0.155,0.156,0.157,0.158,0.159,0.160,0.161,0.162,0.163,0.164,0.165,0.166,0.167,0.168,0.169,0.170,0.171,0.172,0.173,0.174,0.175,0.176,0.177,0.178,0.179,0.180,0.99,0.98,0.97,0.96,0.95,0.94,0.93,0.92,0.91,0.90,0.9,0.89,0.88,0.87,0.86,0.85,0.84,0.83,0.82,0.81,0.80,0.8,0.79,0.78,0.77,0.76,0.75,0.74,0.73,0.72,0.71,0.70,0.7,0.69,0.68,0.67,0.66,0.65,0.64,0.63,0.62,0.61,0.60,0.6,0.59,0.58,0.57,0.56,0.55,0.54,0.53,0.52,0.51,0.50,0.5,0.49,0.48,0.47,0.46,0.45,0.44,0.43,0.42,0.41,0.40,0.4,0.39,0.38,0.37,0.36,0.35,0.34,0.33,0.32,0.31,0.30,0.3,0.29,0.28,0.27,0.26,0.25,0.24,0.23,0.22,0.21,0.20,0.2,0.19,0.18,0.178,0.177,0.176,0.175,0.174,0.173,0.172,0.171,0.170,0.17,0.169,0.168,0.167,0.166,0.165,0.164,0.163,0.162,0.161,0.160,0.16,0.159,0.158,0.157,0.156,0.155,0.154,0.153,0.152,0.151,0.150,0.15,0.149,0.148,0.147,0.146,0.145,0.144,0.143,0.142,0.141,0.140,0.14,0.139,0.138,0.137,0.136,0.135,0.134,0.133,0.132,0.131,0.130,0.13,0.129,0.128,0.127,0.126,0.125,0.124,0.123,0.122,0.121,0.120,0.12,0.119,0.118,0.117,0.116,0.115,0.114,0.113,0.112,0.111,0.110,0.11,0.109,0.108,0.107,0.106,0.105,0.104,0.103,0.102,0.101,0.100,0.10,0.1,0.0
53.9559391280101,-1.07840879436751,1.0,5.0,0.0,0.1,0.2,0.3,0.4,0.5,0.6,0.7,0.8,0.9,0.10,0.11,0.12,0.13,0.14,0.15,0.16,0.17,0.18,0.19,0.20,0.21,0.22,0.23,0.24,0.25,0.26,0.27,0.28,0.29,0.30,0.31,0.32,0.33,0.34,0.35,0.36,0.37,0.38,0.39,0.40,0.41,0.42,0.43,0.44,0.45,0.46,0.47,0.48,0.49,0.50,0.51,0.52,0.53,0.54,0.55,0.56,0.57,0.58,0.59,0.60,0.61,0.62,0.63,0.64,0.65,0.66,0.67,0.68,0.69,0.70,0.71,0.72,0.73,0.74,0.75,0.76,0.77,0.78,0.79,0.80,0.81,0.82,0.83,0.84,0.85,0.86,0.87,0.88,0.89,0.90,0.91,0.92,0.93,0.94,0.95,0.96,0.97,0.98,0.99,0.100,0.101,0.102,0.103,0.104,0.105,0.106,0.107,0.108,0.109,0.110,0.111,0.112,0.113,0.114,0.115,0.116,0.117,0.118,0.119,0.120,0.121,0.122,0.123,0.124,0.125,0.126,0.127,0.128,0.129,0.130,0.131,0.132,0.133,0.134,0.135,0.136,0.137,0.138,0.139,0.140,0.141,0.142,0.143,0.144,0.145,0.146,0.147,0.148,0.149,0.150,0.151,0.152,0.153,0.154,0.155,0.156,0.157,0.158,0.159,0.160,0.161,0.162,0.163,0.164,0.165,0.166,0.167,0.168,0.169,0.170,0.171,0.172,0.173,0.174,0.175,0.176,0.177,0.178,0.179,0.180,0.99,0.98,0.97,0.96,0.95,0.94,0.93,0.92,0.91,0.90,0.9,0.89,0.88,0.87,0.86,0.85,0.84,0.83,0.82,0.81,0.80,0.8,0.79,0.78,0.77,0.76,0.75,0.74,0.73,0.72,0.71,0.70,0.7,0.69,0.68,0.67,0.66,0.65,0.64,0.63,0.62,0.61,0.60,0.6,0.59,0.58,0.57,0.56,0.55,0.54,0.53,0.52,0.51,0.50,0.5,0.49,0.48,0.47,0.46,0.45,0.44,0.43,0.42,0.41,0.40,0.4,0.39,0.38,0.37,0.36,0.35,0.34,0.33,0.32,0.31,0.30,0.3,0.29,0.28,0.27,0.26,0.25,0.24,0.23,0.22,0.21,0.20,0.2,0.19,0.18,0.178,0.177,0.176,0.175,0.174,0.173,0.172,0.171,0.170,0.17,0.169,0.168,0.167,0.166,0.165,0.164,0.163,0.162,0.161,0.160,0.16,0.159,0.158,0.157,0.156,0.155,0.154,0.153,0.152,0.151,0.150,0.15,0.149,0.148,0.147,0.146,0.145,0.144,0.143,0.142,0.141,0.140,0.14,0.139,0.138,0.137,0.136,0.135,0.134,0.133,0.132,0.131,0.130,0.13,0.129,0.128,0.127,0.126,0.125,0.124,0.123,0.122,0.121,0.120,0.12,0.119,0.118,0.117,0.116,0.115,0.114,0.113,0.112,0.111,0.110,0.11,0.109,0.108,0.107,0.106,0.105,0.104,0.103,0.102,0.101,0.100,0.10,0.1,0.0
53.95587151398968,-1.0785885396284283,1.0,5.0,0.0,0.1,0.2,0.3,0.4,0.5,0.6,0.7,0.8,0.9,0.10,0.11,0.12,0.13,0.14,0.15,0.16,0.17,0.18,0.19,0.20,0.21,0.22,0.23,0.24,0.25,0.26,0.27,0.28,0.29,0.30,0.31,0.32,0.33,0.34,0.35,0.36,0.37,0.38,0.39,0.40,0.41,0.42,0.43,0.44,0.45,0.46,0.47,0.48,0.49,0.50,0.51,0.52,0.53,0.54,0.55,0.56,0.57,0.58,0.59,0.60,0.61,0.62,0.63,0.64,0.65,0.66,0.67,0.68,0.69,0.70,0.71,0.72,0.73,0.74,0.75,0.76,0.77,0.78,0.79,0.80,0.81,0.82,0.83,0.84,0.85,0.86,0.87,0.88,0.89,0.90,0.91,0.92,0.93,0.94,0.95,0.96,0.97,0.98,0.99,0.100,0.101,0.102,0.103,0.104,0.105,0.106,0.107,0.108,0.109,0.110,0.111,0.112,0.113,0.114,0.115,0.116,0.117,0.118,0.119,0.120,0.121,0.122,0.123,0.124,0.125,0.126,0.127,0.128,0.129,0.130,0.131,0.132,0.133,0.134,0.135,0.136,0.137,0.138,0.139,0.140,0.141,0.142,0.143,0.144,0.145,0.146,0.147,0.148,0.149,0.150,0.151,0.152,0.153,0.154,0.155,0.156,0.157,0.158,0.159,0.160,0.161,0.162,0.163,0.164,0.165,0.166,0.167,0.168,0.169,0.170,0.171,0.172,0.173,0.174,0.175,0.176,0.177,0.178,0.179,0.180,0.99,0.98,0.97,0.96,0.95,0.94,0.93,0.92,0.91,0.90,0.9,0.89,0.88,0.87,0.86,0.85,0.84,0.83,0.82,0.81,0.80,0.8,0.79,0.78,0.77,0.76,0.75,0.74,0.73,0.72,0.71,0.70,0.7,0.69,0.68,0.67,0.66,0.65,0.64,0.63,0.62,0.61,0.60,0.6,0.59,0.58,0.57,0.56,0.55,0.54,0.53,0.52,0.51,0.50,0.5,0.49,0.48,0.47,0.46,0.45,0.44,0.43,0.42,0.41,0.40,0.4,0.39,0.38,0.37,0.36,0.35,0.34,0.33,0.32,0.31,0.30,0.3,0.29,0.28,0.27,0.26,0.25,0.24,0.23,0.22,0.21,0.20,0.2,0.19,0.18,0.178,0.177,0.176,0.175,0.174,0.173,0.172,0.171,0.170,0.17,0.169,0.168,0.167,0.166,0.165,0.164,0.163,0.162,0.161,0.160,0.16,0.159,0.158,0.157,0.156,0.155,0.154,0.153,0.152,0.151,0.150,0.15,0.149,0.148,0.147,0.146,0.145,0.144,0.143,0.142,0.141,0.140,0.14,0.139,0.138,0.137,0.136,0.135,0.134,0.133,0.132,0.131,0.130,0.13,0.129,0.128,0.127,0.126,0.125,0.124,0.123,0.122,0.121,0.120,0.12,0.119,0.118,0.117,0.116,0.115,0.114,0.113,0.112,0.111,0.110,0.11,0.109,0.108,0.107,0.106,0.105,0.104,0.103,0.102,0.101,0.100,0.10,0.1,0.0
53.95579775324012,-1.0787721964442476,1.0,5.0,0.0,0.1,0.2,0.3,0.4,0.5,0.6,0.7,0.8,0.9,0.10,0.11,0.12,0.13,0.14,0.15,0.16,0.17,0.18,0.19,0.20,0.21,0.22,0.23,0.24,0.25,0.26,0.27,0.28,0.29,0.30,0.31,0.32,0.33,0.34,0.35,0.36,0.37,0.38,0.39,0.40,0.41,0.42,0.43,0.44,0.45,0.46,0.47,0.48,0.49,0.50,0.51,0.52,0.53,0.54,0.55,0.56,0.57,0.58,0.59,0.60,0.61,0.62,0.63,0.64,0.65,0.66,0.67,0.68,0.69,0.70,0.71,0.72,0.73,0.74,0.75,0.76,0.77,0.78,0.79,0.80,0.81,0.82,0.83,0.84,0.85,0.86,0.87,0.88,0.89,0.90,0.91,0.92,0.93,0.94,0.95,0.96,0.97,0.98,0.99,0.100,0.101,0.102,0.103,0.104,0.105,0.106,0.107,0.108,0.109,0.110,0.111,0.112,0.113,0.114,0.115,0.116,0.117,0.118,0.119,0.120,0.121,0.122,0.123,0.124,0.125,0.126,0.127,0.128,0.129,0.130,0.131,0.132,0.133,0.134,0.135,0.136,0.137,0.138,0.139,0.140,0.141,0.142,0.143,0.144,0.145,0.146,0.147,0.148,0.149,0.150,0.151,0.152,0.153,0.154,0.155,0.156,0.157,0.158,0.159,0.160,0.161,0.162,0.163,0.164,0.165,0.166,0.167,0.168,0.169,0.170,0.171,0.172,0.173,0.174,0.175,0.176,0.177,0.178,0.179,0.180,0.99,0.98,0.97,0.96,0.95,0.94,0.93,0.92,0.91,0.90,0.9,0.89,0.88,0.87,0.86,0.85,0.84,0.83,0.82,0.81,0.80,0.8,0.79,0.78,0.77,0.76,0.75,0.74,0.73,0.72,0.71,0.70,0.7,0.69,0.68,0.67,0.66,0.65,0.64,0.63,0.62,0.61,0.60,0.6,0.59,0.58,0.57,0.56,0.55,0.54,0.53,0.52,0.51,0.50,0.5,0.49,0.48,0.47,0.46,0.45,0.44,0.43,0.42,0.41,0.40,0.4,0.39,0.38,0.37,0.36,0.35,0.34,0.33,0.32,0.31,0.30,0.3,0.29,0.28,0.27,0.26,0.25,0.24,0.23,0.22,0.21,0.20,0.2,0.19,0.18,0.178,0.177,0.176,0.175,0.174,0.173,0.172,0.171,0.170,0.17,0.169,0.168,0.167,0.166,0.165,0.164,0.163,0.162,0.161,0.160,0.16,0.159,0.158,0.157,0.156,0.155,0.154,0.153,0.152,0.151,0.150,0.15,0.149,0.148,0.147,0.146,0.145,0.144,0.143,0.142,0.141,0.140,0.14,0.139,0.138,0.137,0.136,0.135,0.134,0.133,0.132,0.131,0.130,0.13,0.129,0.128,0.127,0.126,0.125,0.124,0.123,0.122,0.121,0.120,0.12,0.119,0.118,0.117,0.116,0.115,0.114,0.113,0.112,0.111,0.110,0.11,0.109,0.108,0.107,0.106,0.105,0.104,0.103,0.102,0.101,0.100,0.10,0.1,0.0
53.955740942561796,-1.0789439323308452,1.0,5.0,0.0,0.1,0.2,0.3,0.4,0.5,0.6,0.7,0.8,0.9,0.10,0.11,0.12,0.13,0.14,0.15,0.16,0.17,0.18,0.19,0.20,0.21,0.22,0.23,0.24,0.25,0.26,0.27,0.28,0.29,0.30,0.31,0.32,0.33,0.34,0.35,0.36,0.37,0.38,0.39,0.40,0.41,0.42,0.43,0.44,0.45,0.46,0.47,0.48,0.49,0.50,0.51,0.52,0.53,0.54,0.55,0.56,0.57,0.58,0.59,0.60,0.61,0.62,0.63,0.64,0.65,0.66,0.67,0.68,0.69,0.70,0.71,0.72,0.73,0.74,0.75,0.76,0.77,0.78,0.79,0.80,0.81,0.82,0.83,0.84,0.85,0.86,0.87,0.88,0.89,0.90,0.91,0.92,0.93,0.94,0.95,0.96,0.97,0.98,0.99,0.100,0.101,0.102,0.103,0.104,0.105,0.106,0.107,0.108,0.109,0.110,0.111,0.112,0.113,0.114,0.115,0.116,0.117,0.118,0.119,0.120,0.121,0.122,0.123,0.124,0.125,0.126,0.127,0.128,0.129,0.130,0.131,0.132,0.133,0.134,0.135,0.136,0.137,0.138,0.139,0.140,0.141,0.142,0.143,0.144,0.145,0.146,0.147,0.148,0.149,0.150,0.151,0.152,0.153,0.154,0.155,0.156,0.157,0.158,0.159,0.160,0.161,0.162,0.163,0.164,0.165,0.166,0.167,0.168,0.169,0.170,0.171,0.172,0.173,0.174,0.175,0.176,0.177,0.178,0.179,0.180,0.99,0.98,0.97,0.96,0.95,0.94,0.93,0.92,0.91,0.90,0.9,0.89,0.88,0.87,0.86,0.85,0.84,0.83,0.82,0.81,0.80,0.8,0.79,0.78,0.77,0.76,0.75,0.74,0.73,0.72,0.71,0.70,0.7,0.69,0.68,0.67,0.66,0.65,0.64,0.63,0.62,0.61,0.60,0.6,0.59,0.58,0.57,0.56,0.55,0.54,0.53,0.52,0.51,0.50,0.5,0.49,0.48,0.47,0.46,0.45,0.44,0.43,0.42,0.41,0.40,0.4,0.39,0.38,0.37,0.36,0.35,0.34,0.33,0.32,0.31,0.30,0.3,0.29,0.28,0.27,0.26,0.25,0.24,0.23,0.22,0.21,0.20,0.2,0.19,0.18,0.178,0.177,0.176,0.175,0.174,0.173,0.172,0.171,0.170,0.17,0.169,0.168,0.167,0.166,0.165,0.164,0.163,0.162,0.161,0.160,0.16,0.159,0.158,0.157,0.156,0.155,0.154,0.153,0.152,0.151,0.150,0.15,0.149,0.148,0.147,0.146,0.145,0.144,0.143,0.142,0.141,0.140,0.14,0.139,0.138,0.137,0.136,0.135,0.134,0.133,0.132,0.131,0.130,0.13,0.129,0.128,0.127,0.126,0.125,0.124,0.123,0.122,0.121,0.120,0.12,0.119,0.118,0.117,0.116,0.115,0.114,0.113,0.112,0.111,0.110,0.11,0.109,0.108,0.107,0.106,0.105,0.104,0.103,0.102,0.101,0.100,0.10,0.1,0.0
53.955722874903444,-1.0790499168422054,1.0,5.0,0.0,0.1,0.2,0.3,0.4,0.5,0.6,0.7,0.8,0.9,0.10,0.11,0.12,0.13,0.14,0.15,0.16,0.17,0.18,0.19,0.20,0.21,0.22,0.23,0.24,0.25,0.26,0.27,0.28,0.29,0.30,0.31,0.32,0.33,0.34,0.35,0.36,0.37,0.38,0.39,0.40,0.41,0.42,0.43,0.44,0.45,0.46,0.47,0.48,0.49,0.50,0.51,0.52,0.53,0.54,0.55,0.56,0.57,0.58,0.59,0.60,0.61,0.62,0.63,0.64,0.65,0.66,0.67,0.68,0.69,0.70,0.71,0.72,0.73,0.74,0.75,0.76,0.77,0.78,0.79,0.80,0.81,0.82,0.83,0.84,0.85,0.86,0.87,0.88,0.89,0.90,0.91,0.92,0.93,0.94,0.95,0.96,0.97,0.98,0.99,0.100,0.101,0.102,0.103,0.104,0.105,0.106,0.107,0.108,0.109,0.110,0.111,0.112,0.113,0.114,0.115,0.116,0.117,0.118,0.119,0.120,0.121,0.122,0.123,0.124,0.125,0.126,0.127,0.128,0.129,0.130,0.131,0.132,0.133,0.134,0.135,0.136,0.137,0.138,0.139,0.140,0.141,0.142,0.143,0.144,0.145,0.146,0.147,0.148,0.149,0.150,0.151,0.152,0.153,0.154,0.155,0.156,0.157,0.158,0.159,0.160,0.161,0.162,0.163,0.164,0.165,0.166,0.167,0.168,0.169,0.170,0.171,0.172,0.173,0.174,0.175,0.176,0.177,0.178,0.179,0.180,0.99,0.98,0.97,0.96,0.95,0.94,0.93,0.92,0.91,0.90,0.9,0.89,0.88,0.87,0.86,0.85,0.84,0.83,0.82,0.81,0.80,0.8,0.79,0.78,0.77,0.76,0.75,0.74,0.73,0.72,0.71,0.70,0.7,0.69,0.68,0.67,0.66,0.65,0.64,0.63,0.62,0.61,0.60,0.6,0.59,0.58,0.57,0.56,0.55,0.54,0.53,0.52,0.51,0.50,0.5,0.49,0.48,0.47,0.46,0.45,0.44,0.43,0.42,0.41,0.40,0.4,0.39,0.38,0.37,0.36,0.35,0.34,0.33,0.32,0.31,0.30,0.3,0.29,0.28,0.27,0.26,0.25,0.24,0.23,0.22,0.21,0.20,0.2,0.19,0.18,0.178,0.177,0.176,0.175,0.174,0.173,0.172,0.171,0.170,0.17,0.169,0.168,0.167,0.166,0.165,0.164,0.163,0.162,0.161,0.160,0.16,0.159,0.158,0.157,0.156,0.155,0.154,0.153,0.152,0.151,0.150,0.15,0.149,0.148,0.147,0.146,0.145,0.144,0.143,0.142,0.141,0.140,0.14,0.139,0.138,0.137,0.136,0.135,0.134,0.133,0.132,0.131,0.130,0.13,0.129,0.128,0.127,0.126,0.125,0.124,0.123,0.122,0.121,0.120,0.12,0.119,0.118,0.117,0.116,0.115,0.114,0.113,0.112,0.111,0.110,0.11,0.109,0.108,0.107,0.106,0.105,0.104,0.103,0.102,0.101,0.100,0.10,0.1,0.0
53.955696425341735,-1.0790309178612587,1.0,5.0,0.0,0.1,0.2,0.3,0.4,0.5,0.6,0.7,0.8,0.9,0.10,0.11,0.12,0.13,0.14,0.15,0.16,0.17,0.18,0.19,0.20,0.21,0.22,0.23,0.24,0.25,0.26,0.27,0.28,0.29,0.30,0.31,0.32,0.33,0.34,0.35,0.36,0.37,0.38,0.39,0.40,0.41,0.42,0.43,0.44,0.45,0.46,0.47,0.48,0.49,0.50,0.51,0.52,0.53,0.54,0.55,0.56,0.57,0.58,0.59,0.60,0.61,0.62,0.63,0.64,0.65,0.66,0.67,0.68,0.69,0.70,0.71,0.72,0.73,0.74,0.75,0.76,0.77,0.78,0.79,0.80,0.81,0.82,0.83,0.84,0.85,0.86,0.87,0.88,0.89,0.90,0.91,0.92,0.93,0.94,0.95,0.96,0.97,0.98,0.99,0.100,0.101,0.102,0.103,0.104,0.105,0.106,0.107,0.108,0.109,0.110,0.111,0.112,0.113,0.114,0.115,0.116,0.117,0.118,0.119,0.120,0.121,0.122,0.123,0.124,0.125,0.126,0.127,0.128,0.129,0.130,0.131,0.132,0.133,0.134,0.135,0.136,0.137,0.138,0.139,0.140,0.141,0.142,0.143,0.144,0.145,0.146,0.147,0.148,0.149,0.150,0.151,0.152,0.153,0.154,0.155,0.156,0.157,0.158,0.159,0.160,0.161,0.162,0.163,0.164,0.165,0.166,0.167,0.168,0.169,0.170,0.171,0.172,0.173,0.174,0.175,0.176,0.177,0.178,0.179,0.180,0.99,0.98,0.97,0.96,0.95,0.94,0.93,0.92,0.91,0.90,0.9,0.89,0.88,0.87,0.86,0.85,0.84,0.83,0.82,0.81,0.80,0.8,0.79,0.78,0.77,0.76,0.75,0.74,0.73,0.72,0.71,0.70,0.7,0.69,0.68,0.67,0.66,0.65,0.64,0.63,0.62,0.61,0.60,0.6,0.59,0.58,0.57,0.56,0.55,0.54,0.53,0.52,0.51,0.50,0.5,0.49,0.48,0.47,0.46,0.45,0.44,0.43,0.42,0.41,0.40,0.4,0.39,0.38,0.37,0.36,0.35,0.34,0.33,0.32,0.31,0.30,0.3,0.29,0.28,0.27,0.26,0.25,0.24,0.23,0.22,0.21,0.20,0.2,0.19,0.18,0.178,0.177,0.176,0.175,0.174,0.173,0.172,0.171,0.170,0.17,0.169,0.168,0.167,0.166,0.165,0.164,0.163,0.162,0.161,0.160,0.16,0.159,0.158,0.157,0.156,0.155,0.154,0.153,0.152,0.151,0.150,0.15,0.149,0.148,0.147,0.146,0.145,0.144,0.143,0.142,0.141,0.140,0.14,0.139,0.138,0.137,0.136,0.135,0.134,0.133,0.132,0.131,0.130,0.13,0.129,0.128,0.127,0.126,0.125,0.124,0.123,0.122,0.121,0.120,0.12,0.119,0.118,0.117,0.116,0.115,0.114,0.113,0.112,0.111,0.110,0.11,0.109,0.108,0.107,0.106,0.105,0.104,0.103,0.102,0.101,0.100,0.10,0.1,0.0
53.95565153559264,-1.0789968314542657,1.0,5.0,0.0,0.1,0.2,0.3,0.4,0.5,0.6,0.7,0.8,0.9,0.10,0.11,0.12,0.13,0.14,0.15,0.16,0.17,0.18,0.19,0.20,0.21,0.22,0.23,0.24,0.25,0.26,0.27,0.28,0.29,0.30,0.31,0.32,0.33,0.34,0.35,0.36,0.37,0.38,0.39,0.40,0.41,0.42,0.43,0.44,0.45,0.46,0.47,0.48,0.49,0.50,0.51,0.52,0.53,0.54,0.55,0.56,0.57,0.58,0.59,0.60,0.61,0.62,0.63,0.64,0.65,0.66,0.67,0.68,0.69,0.70,0.71,0.72,0.73,0.74,0.75,0.76,0.77,0.78,0.79,0.80,0.81,0.82,0.83,0.84,0.85,0.86,0.87,0.88,0.89,0.90,0.91,0.92,0.93,0.94,0.95,0.96,0.97,0.98,0.99,0.100,0.101,0.102,0.103,0.104,0.105,0.106,0.107,0.108,0.109,0.110,0.111,0.112,0.113,0.114,0.115,0.116,0.117,0.118,0.119,0.120,0.121,0.122,0.123,0.124,0.125,0.126,0.127,0.128,0.129,0.130,0.131,0.132,0.133,0.134,0.135,0.136,0.137,0.138,0.139,0.140,0.141,0.142,0.143,0.144,0.145,0.146,0.147,0.148,0.149,0.150,0.151,0.152,0.153,0.154,0.155,0.156,0.157,0.158,0.159,0.160,0.161,0.162,0.163,0.164,0.165,0.166,0.167,0.168,0.169,0.170,0.171,0.172,0.173,0.174,0.175,0.176,0.177,0.178,0.179,0.180,0.99,0.98,0.97,0.96,0.95,0.94,0.93,0.92,0.91,0.90,0.9,0.89,0.88,0.87,0.86,0.85,0.84,0.83,0.82,0.81,0.80,0.8,0.79,0.78,0.77,0.76,0.75,0.74,0.73,0.72,0.71,0.70,0.7,0.69,0.68,0.67,0.66,0.65,0.64,0.63,0.62,0.61,0.60,0.6,0.59,0.58,0.57,0.56,0.55,0.54,0.53,0.52,0.51,0.50,0.5,0.49,0.48,0.47,0.46,0.45,0.44,0.43,0.42,0.41,0.40,0.4,0.39,0.38,0.37,0.36,0.35,0.34,0.33,0.32,0.31,0.30,0.3,0.29,0.28,0.27,0.26,0.25,0.24,0.23,0.22,0.21,0.20,0.2,0.19,0.18,0.178,0.177,0.176,0.175,0.174,0.173,0.172,0.171,0.170,0.17,0.169,0.168,0.167,0.166,0.165,0.164,0.163,0.162,0.161,0.160,0.16,0.159,0.158,0.157,0.156,0.155,0.154,0.153,0.152,0.151,0.150,0.15,0.149,0.148,0.147,0.146,0.145,0.144,0.143,0.142,0.141,0.140,0.14,0.139,0.138,0.137,0.136,0.135,0.134,0.133,0.132,0.131,0.130,0.13,0.129,0.128,0.127,0.126,0.125,0.124,0.123,0.122,0.121,0.120,0.12,0.119,0.118,0.117,0.116,0.115,0.114,0.113,0.112,0.111,0.110,0.11,0.109,0.108,0.107,0.106,0.105,0.104,0.103,0.102,0.101,0.100,0.10,0.1,0.0
53.95563905586986,-1.0788943859687683,1.0,5.0,0.0,0.1,0.2,0.3,0.4,0.5,0.6,0.7,0.8,0.9,0.10,0.11,0.12,0.13,0.14,0.15,0.16,0.17,0.18,0.19,0.20,0.21,0.22,0.23,0.24,0.25,0.26,0.27,0.28,0.29,0.30,0.31,0.32,0.33,0.34,0.35,0.36,0.37,0.38,0.39,0.40,0.41,0.42,0.43,0.44,0.45,0.46,0.47,0.48,0.49,0.50,0.51,0.52,0.53,0.54,0.55,0.56,0.57,0.58,0.59,0.60,0.61,0.62,0.63,0.64,0.65,0.66,0.67,0.68,0.69,0.70,0.71,0.72,0.73,0.74,0.75,0.76,0.77,0.78,0.79,0.80,0.81,0.82,0.83,0.84,0.85,0.86,0.87,0.88,0.89,0.90,0.91,0.92,0.93,0.94,0.95,0.96,0.97,0.98,0.99,0.100,0.101,0.102,0.103,0.104,0.105,0.106,0.107,0.108,0.109,0.110,0.111,0.112,0.113,0.114,0.115,0.116,0.117,0.118,0.119,0.120,0.121,0.122,0.123,0.124,0.125,0.126,0.127,0.128,0.129,0.130,0.131,0.132,0.133,0.134,0.135,0.136,0.137,0.138,0.139,0.140,0.141,0.142,0.143,0.144,0.145,0.146,0.147,0.148,0.149,0.150,0.151,0.152,0.153,0.154,0.155,0.156,0.157,0.158,0.159,0.160,0.161,0.162,0.163,0.164,0.165,0.166,0.167,0.168,0.169,0.170,0.171,0.172,0.173,0.174,0.175,0.176,0.177,0.178,0.179,0.180,0.99,0.98,0.97,0.96,0.95,0.94,0.93,0.92,0.91,0.90,0.9,0.89,0.88,0.87,0.86,0.85,0.84,0.83,0.82,0.81,0.80,0.8,0.79,0.78,0.77,0.76,0.75,0.74,0.73,0.72,0.71,0.70,0.7,0.69,0.68,0.67,0.66,0.65,0.64,0.63,0.62,0.61,0.60,0.6,0.59,0.58,0.57,0.56,0.55,0.54,0.53,0.52,0.51,0.50,0.5,0.49,0.48,0.47,0.46,0.45,0.44,0.43,0.42,0.41,0.40,0.4,0.39,0.38,0.37,0.36,0.35,0.34,0.33,0.32,0.31,0.30,0.3,0.29,0.28,0.27,0.26,0.25,0.24,0.23,0.22,0.21,0.20,0.2,0.19,0.18,0.178,0.177,0.176,0.175,0.174,0.173,0.172,0.171,0.170,0.17,0.169,0.168,0.167,0.166,0.165,0.164,0.163,0.162,0.161,0.160,0.16,0.159,0.158,0.157,0.156,0.155,0.154,0.153,0.152,0.151,0.150,0.15,0.149,0.148,0.147,0.146,0.145,0.144,0.143,0.142,0.141,0.140,0.14,0.139,0.138,0.137,0.136,0.135,0.134,0.133,0.132,0.131,0.130,0.13,0.129,0.128,0.127,0.126,0.125,0.124,0.123,0.122,0.121,0.120,0.12,0.119,0.118,0.117,0.116,0.115,0.114,0.113,0.112,0.111,0.110,0.11,0.109,0.108,0.107,0.106,0.105,0.104,0.103,0.102,0.101,0.100,0.10,0.1,0.0
53.95556343247511,-1.0787358748630258,1.0,5.0,0.0,0.1,0.2,0.3,0.4,0.5,0.6,0.7,0.8,0.9,0.10,0.11,0.12,0.13,0.14,0.15,0.16,0.17,0.18,0.19,0.20,0.21,0.22,0.23,0.24,0.25,0.26,0.27,0.28,0.29,0.30,0.31,0.32,0.33,0.34,0.35,0.36,0.37,0.38,0.39,0.40,0.41,0.42,0.43,0.44,0.45,0.46,0.47,0.48,0.49,0.50,0.51,0.52,0.53,0.54,0.55,0.56,0.57,0.58,0.59,0.60,0.61,0.62,0.63,0.64,0.65,0.66,0.67,0.68,0.69,0.70,0.71,0.72,0.73,0.74,0.75,0.76,0.77,0.78,0.79,0.80,0.81,0.82,0.83,0.84,0.85,0.86,0.87,0.88,0.89,0.90,0.91,0.92,0.93,0.94,0.95,0.96,0.97,0.98,0.99,0.100,0.101,0.102,0.103,0.104,0.105,0.106,0.107,0.108,0.109,0.110,0.111,0.112,0.113,0.114,0.115,0.116,0.117,0.118,0.119,0.120,0.121,0.122,0.123,0.124,0.125,0.126,0.127,0.128,0.129,0.130,0.131,0.132,0.133,0.134,0.135,0.136,0.137,0.138,0.139,0.140,0.141,0.142,0.143,0.144,0.145,0.146,0.147,0.148,0.149,0.150,0.151,0.152,0.153,0.154,0.155,0.156,0.157,0.158,0.159,0.160,0.161,0.162,0.163,0.164,0.165,0.166,0.167,0.168,0.169,0.170,0.171,0.172,0.173,0.174,0.175,0.176,0.177,0.178,0.179,0.180,0.99,0.98,0.97,0.96,0.95,0.94,0.93,0.92,0.91,0.90,0.9,0.89,0.88,0.87,0.86,0.85,0.84,0.83,0.82,0.81,0.80,0.8,0.79,0.78,0.77,0.76,0.75,0.74,0.73,0.72,0.71,0.70,0.7,0.69,0.68,0.67,0.66,0.65,0.64,0.63,0.62,0.61,0.60,0.6,0.59,0.58,0.57,0.56,0.55,0.54,0.53,0.52,0.51,0.50,0.5,0.49,0.48,0.47,0.46,0.45,0.44,0.43,0.42,0.41,0.40,0.4,0.39,0.38,0.37,0.36,0.35,0.34,0.33,0.32,0.31,0.30,0.3,0.29,0.28,0.27,0.26,0.25,0.24,0.23,0.22,0.21,0.20,0.2,0.19,0.18,0.178,0.177,0.176,0.175,0.174,0.173,0.172,0.171,0.170,0.17,0.169,0.168,0.167,0.166,0.165,0.164,0.163,0.162,0.161,0.160,0.16,0.159,0.158,0.157,0.156,0.155,0.154,0.153,0.152,0.151,0.150,0.15,0.149,0.148,0.147,0.146,0.145,0.144,0.143,0.142,0.141,0.140,0.14,0.139,0.138,0.137,0.136,0.135,0.134,0.133,0.132,0.131,0.130,0.13,0.129,0.128,0.127,0.126,0.125,0.124,0.123,0.122,0.121,0.120,0.12,0.119,0.118,0.117,0.116,0.115,0.114,0.113,0.112,0.111,0.110,0.11,0.109,0.108,0.107,0.106,0.105,0.104,0.103,0.102,0.101,0.100,0.10,0.1,0.0
53.95549952785881,-1.0786687191374755,1.0,5.0,0.0,0.1,0.2,0.3,0.4,0.5,0.6,0.7,0.8,0.9,0.10,0.11,0.12,0.13,0.14,0.15,0.16,0.17,0.18,0.19,0.20,0.21,0.22,0.23,0.24,0.25,0.26,0.27,0.28,0.29,0.30,0.31,0.32,0.33,0.34,0.35,0.36,0.37,0.38,0.39,0.40,0.41,0.42,0.43,0.44,0.45,0.46,0.47,0.48,0.49,0.50,0.51,0.52,0.53,0.54,0.55,0.56,0.57,0.58,0.59,0.60,0.61,0.62,0.63,0.64,0.65,0.66,0.67,0.68,0.69,0.70,0.71,0.72,0.73,0.74,0.75,0.76,0.77,0.78,0.79,0.80,0.81,0.82,0.83,0.84,0.85,0.86,0.87,0.88,0.89,0.90,0.91,0.92,0.93,0.94,0.95,0.96,0.97,0.98,0.99,0.100,0.101,0.102,0.103,0.104,0.105,0.106,0.107,0.108,0.109,0.110,0.111,0.112,0.113,0.114,0.115,0.116,0.117,0.118,0.119,0.120,0.121,0.122,0.123,0.124,0.125,0.126,0.127,0.128,0.129,0.130,0.131,0.132,0.133,0.134,0.135,0.136,0.137,0.138,0.139,0.140,0.141,0.142,0.143,0.144,0.145,0.146,0.147,0.148,0.149,0.150,0.151,0.152,0.153,0.154,0.155,0.156,0.157,0.158,0.159,0.160,0.161,0.162,0.163,0.164,0.165,0.166,0.167,0.168,0.169,0.170,0.171,0.172,0.173,0.174,0.175,0.176,0.177,0.178,0.179,0.180,0.99,0.98,0.97,0.96,0.95,0.94,0.93,0.92,0.91,0.90,0.9,0.89,0.88,0.87,0.86,0.85,0.84,0.83,0.82,0.81,0.80,0.8,0.79,0.78,0.77,0.76,0.75,0.74,0.73,0.72,0.71,0.70,0.7,0.69,0.68,0.67,0.66,0.65,0.64,0.63,0.62,0.61,0.60,0.6,0.59,0.58,0.57,0.56,0.55,0.54,0.53,0.52,0.51,0.50,0.5,0.49,0.48,0.47,0.46,0.45,0.44,0.43,0.42,0.41,0.40,0.4,0.39,0.38,0.37,0.36,0.35,0.34,0.33,0.32,0.31,0.30,0.3,0.29,0.28,0.27,0.26,0.25,0.24,0.23,0.22,0.21,0.20,0.2,0.19,0.18,0.178,0.177,0.176,0.175,0.174,0.173,0.172,0.171,0.170,0.17,0.169,0.168,0.167,0.166,0.165,0.164,0.163,0.162,0.161,0.160,0.16,0.159,0.158,0.157,0.156,0.155,0.154,0.153,0.152,0.151,0.150,0.15,0.149,0.148,0.147,0.146,0.145,0.144,0.143,0.142,0.141,0.140,0.14,0.139,0.138,0.137,0.136,0.135,0.134,0.133,0.132,0.131,0.130,0.13,0.129,0.128,0.127,0.126,0.125,0.124,0.123,0.122,0.121,0.120,0.12,0.119,0.118,0.117,0.116,0.115,0.114,0.113,0.112,0.111,0.110,0.11,0.109,0.108,0.107,0.106,0.105,0.104,0.103,0.102,0.101,0.100,0.10,0.1,0.0
53.957184,-1.078302,1.0,5.0,0.0,0.1,0.2,0.3,0.4,0.5,0.6,0.7,0.8,0.9,0.10,0.11,0.12,0.13,0.14,0.15,0.16,0.17,0.18,0.19,0.20,0.21,0.22,0.23,0.24,0.25,0.26,0.27,0.28,0.29,0.30,0.31,0.32,0.33,0.34,0.35,0.36,0.37,0.38,0.39,0.40,0.41,0.42,0.43,0.44,0.45,0.46,0.47,0.48,0.49,0.50,0.51,0.52,0.53,0.54,0.55,0.56,0.57,0.58,0.59,0.60,0.61,0.62,0.63,0.64,0.65,0.66,0.67,0.68,0.69,0.70,0.71,0.72,0.73,0.74,0.75,0.76,0.77,0.78,0.79,0.80,0.81,0.82,0.83,0.84,0.85,0.86,0.87,0.88,0.89,0.90,0.91,0.92,0.93,0.94,0.95,0.96,0.97,0.98,0.99,0.100,0.101,0.102,0.103,0.104,0.105,0.106,0.107,0.108,0.109,0.110,0.111,0.112,0.113,0.114,0.115,0.116,0.117,0.118,0.119,0.120,0.121,0.122,0.123,0.124,0.125,0.126,0.127,0.128,0.129,0.130,0.131,0.132,0.133,0.134,0.135,0.136,0.137,0.138,0.139,0.140,0.141,0.142,0.143,0.144,0.145,0.146,0.147,0.148,0.149,0.150,0.151,0.152,0.153,0.154,0.155,0.156,0.157,0.158,0.159,0.160,0.161,0.162,0.163,0.164,0.165,0.166,0.167,0.168,0.169,0.170,0.171,0.172,0.173,0.174,0.175,0.176,0.177,0.178,0.179,0.180,0.99,0.98,0.97,0.96,0.95,0.94,0.93,0.92,0.91,0.90,0.9,0.89,0.88,0.87,0.86,0.85,0.84,0.83,0.82,0.81,0.80,0.8,0.79,0.78,0.77,0.76,0.75,0.74,0.73,0.72,0.71,0.70,0.7,0.69,0.68,0.67,0.66,0.65,0.64,0.63,0.62,0.61,0.60,0.6,0.59,0.58,0.57,0.56,0.55,0.54,0.53,0.52,0.51,0.50,0.5,0.49,0.48,0.47,0.46,0.45,0.44,0.43,0.42,0.41,0.40,0.4,0.39,0.38,0.37,0.36,0.35,0.34,0.33,0.32,0.31,0.30,0.3,0.29,0.28,0.27,0.26,0.25,0.24,0.23,0.22,0.21,0.20,0.2,0.19,0.18,0.178,0.177,0.176,0.175,0.174,0.173,0.172,0.171,0.170,0.17,0.169,0.168,0.167,0.166,0.165,0.164,0.163,0.162,0.161,0.160,0.16,0.159,0.158,0.157,0.156,0.155,0.154,0.153,0.152,0.151,0.150,0.15,0.149,0.148,0.147,0.146,0.145,0.144,0.143,0.142,0.141,0.140,0.14,0.139,0.138,0.137,0.136,0.135,0.134,0.133,0.132,0.131,0.130,0.13,0.129,0.128,0.127,0.126,0.125,0.124,0.123,0.122,0.121,0.120,0.12,0.119,0.118,0.117,0.116,0.115,0.114,0.113,0.112,0.111,0.110,0.11,0.109,0.108,0.107,0.106,0.105,0.104,0.103,0.102,0.101,0.100,0.10,0.1,0.0

